,City,Cloudiness,Country,Date,Humidity,Lat,Lng,Max Temp,Wind Speed
0,mehamn,75,NO,1571757357,87,71.03,27.85,32.0,10.29
1,glinka,96,RU,1571757358,92,54.64,32.87,55.47,8.46
2,chalus,90,IR,1571757358,93,36.66,51.42,64.4,4.7
3,barrow,100,AR,1571757359,65,-38.31,-60.23,52.52,16.75
4,ushuaia,75,AR,1571757360,83,-54.81,-68.31,55.4,6.93
5,grindavik,90,IS,1571757360,64,63.84,-22.43,35.6,23.04
6,kavieng,88,PG,1571757085,74,-2.57,150.8,84.2,17.87
7,mayo,90,CA,1571757362,92,63.59,-135.9,28.4,0.67
8,vranovice,40,CZ,1571757364,87,49.85,13.55,61.0,3.36
9,bredasdorp,20,ZA,1571757095,45,-34.53,20.04,69.01,17.22
10,horsham,0,AU,1571757365,59,-36.71,142.2,54.03,3.02
11,jamestown,1,AU,1571757183,31,-33.21,138.6,60.93,5.1
12,peniche,20,PT,1571757367,42,39.36,-9.38,69.8,12.75
13,pipri,83,IN,1571757368,53,24.21,83.02,73.27,2.15
14,port alfred,0,CD,1571757368,72,-7.04,29.76,78.94,10.98
15,labuhan,83,ID,1571757369,70,-2.54,115.51,71.47,2.1
16,hambantota,75,LK,1571757370,100,6.12,81.12,78.8,4.7
17,ilulissat,75,GL,1571757370,37,69.22,-51.1,21.2,11.41
18,chuy,0,UY,1571757371,64,-33.69,-53.46,65.07,5.95
19,crixas,100,BR,1571757372,55,-14.55,-49.97,85.57,7.52
20,nizwa,0,OM,1571757372,30,22.93,57.53,81.61,0.92
21,leningradskiy,69,RU,1571757373,84,69.38,178.42,23.14,16.82
22,mitsamiouli,75,KM,1571757155,58,-11.38,43.28,87.8,12.75
23,hilo,90,US,1571757086,78,19.71,-155.08,75.2,5.82
24,kstovo,40,RU,1571757374,93,56.15,44.2,46.0,4.92
25,grand river south east,80,FR,1571757375,87,48.39,5.49,60.8,4.7
26,tuktoyaktuk,75,CA,1571757376,92,69.44,-133.03,14.0,8.05
27,panna,97,IN,1571757376,54,24.72,80.19,73.0,3.94
28,teruel,20,ES,1571757376,93,40.34,-1.11,57.2,12.75
29,yellowknife,75,CA,1571757378,100,62.45,-114.38,30.99,6.93
30,port elizabeth,0,CD,1571757379,72,-7.04,29.76,78.94,10.98
31,tiksi,53,RU,1571757380,87,71.64,128.87,2.79,7.36
32,narsaq,40,GL,1571757381,55,60.91,-46.05,37.4,3.38
33,sao felix do xingu,97,IN,1571757382,92,20.51,76.21,70.38,5.44
34,merauke,87,ID,1571757384,76,-8.49,140.4,78.57,11.5
35,bluff,0,AU,1571757076,76,-23.58,149.07,64.27,10.2
36,dawlatabad,0,AF,1571757352,27,36.41,64.91,56.28,4.41
37,carnarvon,40,ZA,1571757087,12,-30.97,22.13,75.25,19.06
38,mar del plata,72,CN,1571757385,32,29.86,90.73,28.78,1.7
39,qaanaaq,43,GL,1571757086,38,77.48,-69.36,7.81,10.09
40,satipo,17,PE,1571757386,76,-11.26,-74.64,72.3,3.06
41,bambous virieux,40,MU,1571757388,78,-20.26,57.41,77.0,9.17
42,kapaa,40,US,1571756909,83,22.08,-159.32,78.8,12.75
43,cherskiy,97,RU,1571757079,86,68.75,161.3,2.35,9.66
44,takoradi,5,GH,1571757142,80,4.89,-1.75,80.65,13.8
45,coquimbo,75,CL,1571757265,77,-29.95,-71.34,73.0,2.24
46,cape town,0,CL,1571757391,51,-36.41,-71.9,60.8,12.75
47,bonavista,100,CA,1571757391,82,48.65,-53.11,44.01,10.0
48,rikitea,100,PF,1571757081,82,-23.12,-134.97,70.18,21.7
49,castro,20,CL,1571757078,66,-42.48,-73.76,48.2,18.34
50,patnanungan,1,PH,1571757393,75,14.78,122.18,79.66,5.17
51,tual,71,ID,1571757083,81,-5.67,132.75,78.76,9.82
52,mataura,58,NZ,1571757071,85,-46.19,168.86,42.01,7.0
53,hobyo,6,SO,1571757196,72,5.35,48.53,81.54,10.47
54,katsuura,20,JP,1571757185,82,33.93,134.5,62.6,8.05
55,natal,40,BR,1571757137,55,-5.81,-35.21,87.8,11.41
56,rio grande,90,US,1571757328,66,41.11,-90.4,48.99,18.34
57,hithadhoo,100,MV,1571757088,79,-0.6,73.08,81.73,14.05
58,dedougou,23,BF,1571757398,33,12.47,-3.47,96.55,11.52
59,georgetown,75,GY,1571756907,79,6.8,-58.16,87.8,4.7
60,busselton,0,AU,1571757077,67,-33.64,115.35,55.99,8.97
61,baykit,88,RU,1571757399,85,61.68,96.39,20.59,2.66
62,hobart,96,AU,1571757047,76,-42.88,147.33,53.01,5.82
63,saint-philippe,1,CA,1571757132,55,45.36,-73.48,62.6,6.93
64,giraltovce,75,SK,1571757401,64,49.11,21.52,73.99,5.82
65,lompoc,1,US,1571757129,66,34.64,-120.46,61.0,3.85
66,nanortalik,100,GL,1571757156,97,60.14,-45.24,33.73,3.53
67,punta arenas,75,PH,1571757402,66,14.18,121.12,84.2,5.82
68,zyryanka,0,RU,1571757107,87,65.73,150.89,7.21,8.79
69,suhbaatar,100,MN,1571757403,59,50.23,106.21,25.03,5.68
70,albany,90,US,1571756955,58,42.65,-73.75,57.2,8.05
71,vaini,96,IN,1571757080,97,15.34,74.49,69.19,3.31
72,perove,0,UA,1571757404,49,44.93,34.07,61.61,11.63
73,bodrum,0,TR,1571757147,34,37.04,27.43,78.8,9.17
74,nome,1,US,1571757084,52,30.04,-94.42,69.8,3.36
75,talcahuano,0,CL,1571757405,48,-36.72,-73.12,60.8,10.29
76,marrakesh,75,MA,1571757354,37,31.63,-7.99,68.0,14.99
77,zhangjiakou,28,CN,1571757303,59,40.77,114.88,46.83,2.17
78,liwale,0,TZ,1571757407,26,-9.8,37.92,90.3,5.41
79,strezhevoy,90,RU,1571757299,92,60.73,77.6,30.2,15.66
80,saskylakh,2,RU,1571757076,90,71.97,114.09,8.22,10.98
81,avarua,25,CK,1571757088,94,-21.21,-159.78,69.8,2.24
82,axim,94,GH,1571757113,71,4.87,-2.24,83.98,7.2
83,sibolga,100,ID,1571757368,97,1.74,98.78,72.21,1.77
84,aripuana,98,BR,1571757154,50,-9.17,-60.63,88.72,4.34
85,thompson,40,CA,1571757096,92,55.74,-97.86,21.2,8.05
86,divnoye,19,RU,1571757411,52,45.91,43.34,58.01,6.8
87,aklavik,90,CA,1571757088,92,68.22,-135.01,19.4,2.24
88,nouadhibou,0,MR,1571757156,28,20.93,-17.03,82.4,21.92
89,srednekolymsk,98,RU,1571757364,86,67.46,153.71,4.8,3.74
90,longyearbyen,40,NO,1571757146,84,78.22,15.63,8.6,11.41
91,dikson,100,RU,1571757092,86,73.51,80.55,20.48,22.79
92,puerto ayora,29,AR,1571757414,33,-51.62,-69.23,57.2,8.05
93,dublin,75,IE,1571757415,71,53.35,-6.26,52.0,10.29
94,tasiilaq,40,GL,1571757138,63,65.61,-37.64,26.6,2.24
95,torbay,75,CA,1571757074,70,47.66,-52.73,45.0,18.34
96,port blair,0,CD,1571757379,72,-7.04,29.76,78.94,10.98
97,sao filipe,97,IN,1571757418,92,20.51,76.21,70.38,5.44
98,mbini,100,GQ,1571757418,83,1.58,9.62,80.33,14.72
99,kolondieba,67,ML,1571757419,55,11.09,-6.89,86.92,5.77
100,mount gambier,20,GB,1571757423,76,53.66,-1.85,55.99,11.41
101,komsomolskiy,100,RU,1571757387,96,67.55,63.78,20.5,6.31
102,port lincoln,0,CD,1571757424,72,-7.04,29.76,78.94,10.98
103,half moon bay,75,LR,1571757425,66,6.38,-10.7,87.8,7.74
104,vardo,90,US,1571757191,93,39.62,-77.74,59.0,9.17
105,hermanus,23,ZA,1571757079,56,-34.42,19.24,69.01,11.99
106,kaitangata,42,NZ,1571757100,65,-46.28,169.85,45.5,26.69
107,lucknow,75,IN,1571757317,78,26.84,80.93,75.2,3.2
108,severo-kurilsk,85,RU,1571757149,95,50.68,156.12,41.2,8.16
109,lebu,56,ET,1571757135,74,8.96,38.73,58.53,7.65
110,port keats,0,CD,1571757428,72,-7.04,29.76,78.94,10.98
111,codrington,0,AU,1571757091,87,-28.95,153.24,60.01,2.35
112,shima,40,JP,1571757429,77,34.34,136.82,68.0,13.87
113,ambulu,44,ID,1571757429,86,-8.35,113.61,77.92,7.92
114,fort oglethorpe,100,IN,1571757430,88,17.96,79.61,74.82,3.4
115,cockburn town,77,AU,1571757430,18,-32.08,141.0,73.4,10.29
116,bethel,90,US,1571757085,86,60.79,-161.76,35.6,9.17
117,kindu,100,CD,1571757431,70,-2.95,25.92,81.93,1.7
118,pacifica,1,US,1571757315,93,37.61,-122.49,66.99,5.1
119,bisira,20,PA,1571757432,72,8.52,-81.71,76.1,3.09
120,tromso,40,NO,1571757433,85,69.65,18.96,37.4,21.92
121,souillac,90,FR,1571757190,82,45.6,-0.6,57.2,12.75
122,fairbanks,90,US,1571756918,79,64.84,-147.72,28.4,2.28
123,inuvik,90,CA,1571757435,92,68.36,-133.71,19.4,2.24
124,palmer,1,AU,1571757082,51,-34.85,139.16,72.0,3.36
125,cabo san lucas,75,ES,1571757436,77,43.18,-5.8,60.01,3.36
126,sakaraha,0,MG,1571757436,35,-22.91,44.53,83.39,15.37
127,vila franca do campo,40,IT,1571757437,77,45.18,8.4,72.0,5.82
128,sitka,0,US,1571757088,53,37.17,-99.65,51.01,11.99
129,kodiak,1,US,1571757181,56,39.95,-94.76,48.99,21.92
130,coleraine,0,AU,1571757438,77,-37.6,141.69,52.07,3.33
131,mount isa,20,GB,1571757439,76,53.66,-1.85,55.99,11.41
132,sur,0,OM,1571757334,51,22.57,59.53,80.4,3.09
133,kaeo,3,NZ,1571757439,100,-35.1,173.78,54.0,23.82
134,hofn,100,IS,1571757180,66,64.25,-15.21,38.26,31.88
135,saint-augustin,75,CA,1571757128,76,45.63,-73.98,61.0,9.17
136,nicoya,20,CR,1571757440,74,10.15,-85.45,82.4,3.36
137,ryotsu,20,JP,1571757442,93,38.08,138.43,57.2,1.12
138,kushima,14,JP,1571757442,88,31.5,131.29,68.0,4.0
139,cairns,90,AU,1571756881,83,-16.92,145.77,71.6,12.75
140,neiafu,40,TO,1571757443,88,-18.65,-173.98,73.4,5.82
141,mahebourg,75,MU,1571757088,78,-20.41,57.7,77.0,12.75
142,new norfolk,75,LR,1571757246,66,6.65,-10.59,87.8,7.74
143,phalodi,0,IN,1571757445,18,27.13,72.36,84.4,8.46
144,esperance,1,AU,1571757107,100,-33.86,121.89,53.6,11.41
145,san quintin,39,ML,1571757446,30,13.3,-4.9,97.48,15.75
146,broome,75,GB,1571757148,71,52.47,1.45,57.0,4.7
147,shimoda,60,JP,1571757148,98,34.7,138.93,57.99,1.01
148,antofagasta,20,CL,1571757375,59,-23.65,-70.4,64.4,5.82
149,lagoa,20,PT,1571757100,68,37.14,-8.45,64.4,9.17
150,tongchuan,90,CN,1571757448,100,34.9,108.95,55.4,1.68
151,geraldton,75,CA,1571757049,93,49.72,-86.95,46.4,9.17
152,arraial do cabo,75,BR,1571757450,50,-22.84,-46.65,78.8,2.17
153,rocha,0,UY,1571757094,57,-34.48,-54.34,66.65,12.62
154,lazarev,40,RU,1571757451,68,52.23,141.51,41.88,12.48
155,ponta do sol,67,BR,1571757452,46,-0.53,-65.05,95.0,1.81
156,provideniya,95,RU,1571757303,96,64.42,-173.23,24.13,8.63
157,lingao,0,CN,1571757453,71,19.91,109.69,77.31,18.16
158,coruripe,0,BR,1571757454,70,-10.12,-36.18,79.47,18.5
159,marawi,100,PH,1571757099,89,8.0,124.29,78.01,7.0
160,pontianak,75,ID,1571757456,94,-0.02,109.34,77.0,1.79
161,airai,79,TL,1571757087,27,-8.93,125.41,64.89,4.29
162,telimele,80,GN,1571757457,61,10.9,-13.03,84.65,7.76
163,iqaluit,75,CA,1571757106,86,63.75,-68.52,30.2,3.36
164,khatanga,85,RU,1571757080,94,71.98,102.47,10.65,11.72
165,delta,1,US,1571757459,51,38.74,-108.07,42.01,6.93
166,marshall,1,US,1571757460,49,39.12,-93.2,50.0,17.22
167,weligama,100,LK,1571757460,94,5.97,80.42,74.73,4.07
168,lavrentiya,100,RU,1571757158,78,65.58,-170.99,31.3,15.1
169,ribeira grande,20,PT,1571757461,52,41.76,-8.56,68.0,12.75
170,barcelos,5,BR,1571757462,71,-0.97,-62.93,87.6,1.32
171,vijes,40,CO,1571757462,73,3.7,-76.44,77.0,4.7
172,plettenberg bay,75,DE,1571757463,82,51.21,7.87,59.0,8.05
173,nsanje,5,MZ,1571757463,25,-16.92,35.26,98.53,15.93
174,chagoda,88,RU,1571757464,88,59.16,35.33,44.24,9.66
175,caravelas,100,BR,1571757138,50,-17.73,-39.27,90.55,13.38
176,orzu,0,RO,1571757465,52,44.77,23.24,78.01,2.73
177,vanavara,100,RU,1571757278,76,60.35,102.28,22.1,6.53
178,alofi,3,NU,1571757179,94,-19.06,-169.92,73.4,4.7
179,pucallpa,7,PE,1571757467,38,-8.38,-74.54,95.02,3.76
180,port hardy,0,CD,1571757467,72,-7.04,29.76,78.94,10.98
181,norman wells,1,US,1571757346,34,35.22,-97.44,57.0,6.93
182,alakurtti,100,RU,1571757468,94,66.96,30.34,30.0,4.0
183,upernavik,100,GL,1571757078,50,72.79,-56.15,16.05,8.88
184,meulaboh,100,ID,1571757089,80,4.14,96.13,81.07,8.55
185,sipoo,75,FI,1571757470,76,60.38,25.27,50.0,17.22
186,atuona,0,PF,1571757094,75,-9.8,-139.03,78.15,13.31
187,verkhnevilyuysk,82,RU,1571757471,83,63.45,120.31,20.32,4.92
188,ibia,100,NG,1571757472,93,5.18,6.32,77.07,5.35
189,pacific grove,75,US,1571757472,100,47.26,-122.25,55.4,10.29
190,klaksvik,100,FO,1571757138,75,62.23,-6.59,41.0,13.87
191,vao,100,EE,1571757410,90,59.1,26.19,51.28,12.88
192,oranjemund,0,ZA,1571757394,60,-28.55,16.43,63.09,14.7
193,conop,0,RO,1571757475,32,46.1,21.88,82.4,2.46
194,pangnirtung,40,CA,1571757072,86,66.15,-65.72,28.4,0.98
195,ancud,20,CL,1571757103,66,-41.87,-73.83,48.2,18.34
196,lucea,20,JM,1571757476,74,18.44,-78.17,89.01,11.41
197,caarapo,0,BR,1571757477,53,-22.63,-54.82,72.99,7.58
198,verkhoyansk,80,RU,1571757384,86,67.55,133.39,2.28,0.29
199,saint-pierre,90,FR,1571757150,87,48.95,4.24,59.0,10.29
200,yertsevo,100,RU,1571757479,90,60.8,40.09,38.26,9.93
201,morden,90,CA,1571757479,86,49.19,-98.1,36.0,25.28
202,east london,2,UG,1571757481,74,3.43,31.7,78.58,3.6
203,amboasary,20,MG,1571757481,83,-25.04,46.38,77.0,4.7
204,anadyr,75,RU,1571757138,85,64.73,177.51,14.0,8.95
205,dawson creek,90,US,1571757482,61,39.85,-89.46,52.0,21.92
206,kroya,51,ID,1571757483,76,-6.5,108.06,74.52,2.04
207,san jeronimo,39,ML,1571757302,30,13.3,-4.9,97.48,15.75
208,rajanpur,0,PK,1571757484,16,29.1,70.33,83.53,8.23
209,san patricio,39,ML,1571757485,30,13.3,-4.9,97.48,15.75
210,santo estevao,97,EC,1571757486,82,-0.59,-80.0,74.03,0.96
211,chokurdakh,80,RU,1571757115,94,70.62,147.9,4.12,8.19
212,myitkyina,0,MM,1571757415,98,25.38,97.4,70.18,2.19
213,havre-saint-pierre,1,CA,1571757305,60,50.23,-63.6,41.0,4.7
214,pingliang,79,CN,1571757488,95,35.54,106.68,43.29,4.05
215,grong,40,NO,1571757490,70,64.47,12.32,46.4,40.26
216,kruisfontein,5,ZA,1571757189,55,-34.0,24.73,60.03,24.23
217,miyako,20,JP,1571757491,72,33.63,130.94,68.0,8.05
218,touros,40,BR,1571757111,51,-5.2,-35.46,86.0,12.75
219,benguela,40,AO,1571757349,94,-12.58,13.4,80.6,9.17
220,cedar city,75,US,1571757493,56,39.39,-110.45,42.8,3.8
221,pevek,100,RU,1571757080,89,69.7,170.27,20.71,3.13
222,ixtapa,75,MX,1571757494,94,20.71,-105.21,79.0,4.7
223,sterling,90,US,1571757309,93,39.0,-77.4,60.01,8.05
224,prabumulih,97,ID,1571757372,50,-3.5,104.19,78.89,4.09
225,chiriqui grande,20,PA,1571757496,78,8.39,-82.32,80.6,1.12
226,yar-sale,100,RU,1571757167,96,66.83,70.83,27.27,13.31
227,darnah,0,LY,1571757496,71,32.77,22.64,73.44,18.1
228,tombouctou,1,ML,1571757497,18,16.77,-3.01,102.38,7.72
229,kihurio,45,TZ,1571757497,71,-4.47,38.07,77.18,4.32
230,rovaniemi,90,FI,1571757498,93,66.5,25.72,35.6,12.75
231,avondale,75,CA,1571757499,70,47.42,-53.19,44.01,18.34
232,latung,40,ID,1571757443,75,-8.45,120.42,66.83,4.47
233,sayat,0,TM,1571757500,30,38.78,63.88,59.0,2.24
234,llanes,75,ES,1571757500,79,43.42,-4.75,59.0,3.87
235,makarov,17,RU,1571757501,69,48.62,142.78,47.91,13.91
236,mansa,40,IN,1571757501,69,23.43,72.66,82.4,3.36
237,weifang,51,CN,1571757502,39,36.71,119.16,60.8,3.74
238,kirakira,100,SB,1571757112,86,-10.46,161.92,76.93,14.38
239,roald,75,NO,1571757312,70,62.58,6.12,48.2,18.34
240,novi pazar,20,US,1571757504,62,42.48,-83.48,57.99,16.11
241,ukiah,1,US,1571757376,81,39.15,-123.21,62.01,2.98
242,westport,90,US,1571756809,82,41.14,-73.36,59.0,8.05
243,atar,33,MR,1571757105,17,20.52,-13.05,90.41,9.06
244,mandalay,40,MM,1571757506,88,21.98,96.08,80.6,4.7
245,mbanza-ngungu,100,CD,1571757132,94,-5.25,14.87,70.74,3.0
246,haverhill,40,GB,1571757507,58,52.08,0.44,57.99,10.29
247,hasaki,75,JP,1571757083,87,35.73,140.83,59.0,6.93
248,goderich,52,CA,1571757091,74,43.74,-81.71,59.0,11.99
249,lantana,1,US,1571757509,78,26.19,-97.58,82.4,5.82
250,zlobin,53,HR,1571757510,49,45.29,14.65,73.4,4.7
251,christchurch,100,NZ,1571757276,93,-43.53,172.64,43.0,12.75
252,butaritari,81,KI,1571757095,78,3.07,172.79,83.14,14.7
253,vrable,8,SK,1571757511,64,48.24,18.31,73.0,4.7
254,thivai,0,GR,1571757512,46,38.33,23.32,75.99,13.87
255,champerico,75,MX,1571757513,78,16.38,-93.6,77.0,1.16
256,ewa beach,78,CM,1571757514,83,5.76,9.91,72.48,1.43
257,cooma,13,AU,1571757514,100,-36.24,149.13,44.6,6.93
258,monywa,1,MM,1571757515,72,22.12,95.13,81.66,1.72
259,nago,86,IT,1571757516,68,45.88,10.89,73.99,2.24
260,thinadhoo,75,MV,1571757516,80,0.53,72.93,81.64,12.91
261,guerrero negro,0,AR,1571757517,38,-24.19,-65.45,75.2,5.82
262,mulchen,0,CL,1571757517,58,-37.72,-72.23,59.0,17.22
263,macusani,95,PE,1571757518,43,-14.07,-70.43,47.59,4.03
264,ponta delgada,67,BR,1571757519,46,-0.53,-65.05,95.0,1.81
265,yenagoa,100,NG,1571757205,93,4.92,6.26,77.07,5.35
266,ballina,75,IE,1571757520,93,54.11,-9.15,55.4,10.29
267,bilibino,32,RU,1571757166,100,68.06,166.44,-7.59,1.01
268,haines junction,90,US,1571757522,87,44.91,-117.94,50.0,3.42
269,vestmannaeyjar,75,IS,1571757120,64,63.44,-20.27,37.4,23.04
270,lasa,20,CY,1571757096,53,34.92,32.53,77.0,10.29
271,shugurovo,86,RU,1571757523,80,54.51,52.13,44.02,7.99
272,aksu,95,KZ,1571757087,85,52.04,76.93,23.0,6.71
273,chapais,90,CA,1571757204,75,49.78,-74.86,44.6,19.46
274,byumba,40,RW,1571757525,57,-1.58,30.06,77.0,4.7
275,porto novo,20,PT,1571757502,55,41.15,-8.61,64.4,10.29
276,mangrol,100,IN,1571757307,31,25.33,76.51,78.08,4.43
277,teguise,40,ES,1571757505,47,29.06,-13.56,75.2,19.46
278,carlton,90,US,1571757527,87,46.66,-92.42,44.6,14.99
279,toora-khem,99,RU,1571757527,58,52.47,96.11,16.7,2.73
280,shestakovo,95,RU,1571757528,96,56.49,103.96,17.4,3.65
281,bubaque,0,GW,1571757269,76,11.28,-15.83,82.78,11.9
282,nalut,12,LY,1571757529,20,31.86,10.98,92.77,7.63
283,jacksonville,75,US,1571757419,83,30.33,-81.66,86.0,11.41
284,carauari,56,BR,1571757444,45,-4.88,-66.9,93.56,2.73
285,cuamba,42,MZ,1571757438,31,-14.8,36.54,92.03,10.54
286,pangai,100,TO,1571757425,80,-19.8,-174.35,73.9,14.74
287,faanui,1,PF,1571757076,72,-16.48,-151.75,79.54,3.98
288,dalbandin,28,PK,1571757532,18,28.9,64.41,73.0,12.21
289,turka,88,RU,1571757532,56,52.95,108.22,32.2,13.71
290,tiarei,4,PF,1571757296,74,-17.53,-149.33,80.01,4.0
291,samaro,0,PK,1571757534,22,25.28,69.4,87.13,2.51
292,nikolskoye,90,RU,1571757084,93,59.7,30.79,48.99,13.42
293,mackenzie,90,CA,1571757507,86,55.34,-123.09,41.0,3.36
294,samarai,100,PG,1571757288,92,-10.62,150.67,74.32,4.21
295,lorengau,100,PG,1571757108,73,-2.02,147.27,84.34,7.54
296,mackay,90,CA,1571757081,100,53.65,-115.58,30.2,4.7
297,coaticook,1,CA,1571757538,66,45.13,-71.8,55.0,8.05
298,zhuji,20,CN,1571757539,77,29.72,120.23,66.0,8.95
299,kiama,0,AU,1571757370,93,-34.67,150.86,63.0,3.36
300,kahului,1,US,1571757179,69,20.89,-156.47,75.0,4.7
301,maoming,12,CN,1571757541,80,21.67,110.92,73.94,8.63
302,les escoumins,100,FR,1571757541,70,42.81,0.71,55.0,3.0
303,arrifes,20,PT,1571757478,60,37.77,-25.7,69.8,6.93
304,ouango,10,CD,1571757542,66,4.31,22.55,83.32,2.75
305,acapulco,75,MX,1571757129,83,16.86,-99.88,82.4,3.36
306,kaseda,27,JP,1571757280,88,31.42,130.32,68.0,4.0
307,noumea,75,NC,1571757362,77,-22.28,166.46,75.99,3.36
308,challans,98,FR,1571757318,67,46.85,-1.88,59.0,6.93
309,hovd,75,NO,1571757188,61,63.83,10.7,48.2,35.57
310,dakar,0,SN,1571757300,48,14.69,-17.45,87.8,19.46
311,tharad,55,IN,1571757112,26,24.39,71.63,83.5,3.74
312,conde,100,BR,1571757547,78,-11.81,-37.61,78.19,15.99
313,soubre,100,CI,1571757547,71,5.79,-6.61,83.61,3.53
314,flinders,0,AU,1571757080,93,-34.58,150.85,63.0,3.36
315,grafton,40,AU,1571757429,87,-29.69,152.93,55.4,2.01
316,biak,0,ID,1571757397,73,-0.91,122.88,81.41,9.93
317,laguna,100,BZ,1571757140,87,16.17,-88.94,79.93,2.51
318,newcastle,0,AU,1571757250,88,-32.93,151.78,64.99,6.93
319,caldwell,90,US,1571757552,75,43.67,-116.69,48.99,3.36
320,ishigaki,0,JP,1571757433,77,24.34,124.16,76.44,13.2
321,tessalit,75,ML,1571757110,14,20.2,1.01,100.26,11.14
322,herveo,75,CO,1571757554,82,5.08,-75.18,71.6,11.41
323,winnemucca,1,US,1571757347,68,40.97,-117.74,34.0,3.36
324,bridgton,75,US,1571757555,71,44.05,-70.71,55.99,5.82
325,askarovo,75,RU,1571757556,80,53.34,58.51,41.0,15.66
326,lahti,75,FI,1571757556,87,60.98,25.66,50.0,18.34
327,paracuru,20,BR,1571757557,52,-3.41,-39.03,87.8,13.87
328,san cristobal,39,ML,1571757485,30,13.3,-4.9,97.48,15.75
329,tabou,85,CI,1571757312,86,4.42,-7.36,80.74,6.91
330,balabac,83,PH,1571757359,77,7.99,117.06,82.63,9.08
331,lancaster,90,US,1571757560,82,40.04,-76.31,60.8,12.75
332,simao,0,CN,1571757561,92,22.76,100.79,62.4,3.29
333,victoria,75,BN,1571757006,83,5.28,115.24,82.4,6.49
334,mys shmidta,100,RU,1571757562,80,62.06,48.62,32.23,6.89
335,caconda,24,AO,1571757564,15,-13.73,15.06,87.73,8.19
336,maniitsoq,100,GL,1571757077,39,65.42,-52.9,34.93,5.06
337,kenai,90,US,1571757163,93,60.55,-151.26,39.0,9.17
338,egvekinot,100,RU,1571757416,88,66.32,-179.17,16.5,11.77
339,kailua,90,US,1571757136,69,21.39,-157.74,80.6,8.05
340,xining,74,CN,1571757426,64,36.62,101.77,44.15,5.3
341,sioux lookout,90,US,1571757566,93,46.74,-90.88,46.4,9.17
342,dongying,100,CN,1571757567,40,37.43,118.67,63.7,6.69
343,fukue,75,JP,1571757165,72,35.03,136.69,68.0,13.87
344,crosshouse,40,GB,1571757570,76,55.61,-4.56,53.6,16.11
345,richards bay,90,US,1571757570,100,46.84,-95.91,39.2,28.86
346,siemiatycze,34,PL,1571757571,67,52.43,22.86,62.01,3.62
347,salalah,11,OM,1571757193,48,17.01,54.1,86.0,3.36
348,beisfjord,75,NO,1571757348,93,68.38,17.6,39.2,14.99
349,ostrovnoy,100,RU,1571757143,89,68.05,39.51,28.2,16.46
350,pau dos ferros,100,FR,1571757573,100,43.3,-0.37,57.99,3.36
351,pierre,75,US,1571757574,69,44.37,-100.35,42.01,9.17
352,cidreira,43,BR,1571757079,79,-30.17,-50.22,64.85,15.21
353,vila velha,40,IT,1571757449,77,45.18,8.4,72.0,5.82
354,dickson,1,US,1571757576,62,36.08,-87.39,59.0,13.87
355,grevesmuhlen,40,DE,1571757576,76,53.87,11.18,57.2,8.05
356,coihaique,41,CL,1571757279,46,-45.58,-72.07,53.6,6.93
357,adrar,5,DZ,1571757082,12,27.87,-0.29,96.8,23.04
358,springbok,1,ZA,1571757578,19,-29.67,17.88,67.57,21.14
359,padang,98,ID,1571757334,94,-0.92,100.36,67.57,2.33
360,clyde river,0,NZ,1571757579,90,-45.19,169.32,32.0,1.01
361,xuanhua,6,CN,1571757580,45,40.61,115.04,51.46,5.28
362,pisco,90,PE,1571757145,30,-13.71,-76.2,71.6,4.7
363,tommot,100,RU,1571757388,96,58.97,126.27,24.28,3.24
364,ust-kut,59,RU,1571757581,90,56.78,105.75,16.21,3.15
365,mitu,23,IR,1571757582,66,36.2,46.09,53.51,3.83
366,presidente medici,43,BR,1571757583,79,-29.95,-50.11,64.85,15.21
367,washington,90,US,1571757479,93,38.9,-77.04,61.0,8.05
368,sambava,39,MG,1571757073,92,-14.27,50.17,74.03,1.81
369,yulara,0,AU,1571757391,13,-25.24,130.99,77.0,10.29
370,kropotkin,12,RU,1571757585,43,45.43,40.58,64.0,8.25
371,brae,75,GB,1571757181,100,60.4,-1.35,53.6,11.41
372,moron,38,HT,1571757389,70,18.56,-74.26,83.34,2.08
373,dharmadam,75,IN,1571757587,88,11.78,75.43,80.6,2.24
374,lexington,20,US,1571757526,62,38.05,-84.5,61.0,13.87
375,radom,67,PL,1571757443,77,51.4,21.15,69.01,8.05
376,khasan,47,RU,1571757282,90,42.43,130.64,49.6,2.06
377,luena,79,AO,1571757590,36,-11.78,19.91,82.9,7.47
378,kinston,90,US,1571757376,88,35.26,-77.58,71.01,10.29
379,balikpapan,10,ID,1571757591,89,-1.24,116.86,74.3,1.77
380,chicama,20,PE,1571757300,82,-7.84,-79.15,62.6,10.29
381,maiduguri,100,NG,1571757592,18,11.84,13.15,98.6,7.38
382,santa cruz,21,PH,1571757593,91,17.49,120.43,72.9,3.09
383,bua yai,25,ID,1571757593,77,-5.24,120.29,81.01,10.47
384,medak,75,IN,1571757594,94,18.05,78.27,77.0,5.75
385,saint-paul,100,FR,1571757594,93,45.22,1.9,57.99,8.05
386,svetlaya,0,RU,1571757434,58,46.54,138.33,50.86,7.09
387,eruwa,40,NG,1571757596,59,7.53,3.42,89.6,5.82
388,boyle,75,IE,1571757597,93,53.97,-8.3,55.4,10.29
389,salinopolis,97,BR,1571757166,80,-0.61,-47.36,80.51,14.83
390,petropavlovsk-kamchatskiy,92,RU,1571757089,80,53.05,158.65,30.2,4.47
391,omboue,100,GA,1571757159,67,-1.57,9.26,83.35,7.07
392,vagur,100,FO,1571757600,93,61.47,-6.81,41.13,24.81
393,byron bay,90,US,1571757600,64,32.65,-83.76,68.0,14.99
394,lugo,9,ES,1571757601,77,43.01,-7.56,62.01,5.99
395,sandy bay,20,GB,1571757509,62,52.13,-0.29,60.01,9.17
396,dzhebariki-khaya,0,RU,1571757603,89,62.22,135.8,8.94,1.25
397,adre,36,TD,1571757397,32,13.47,22.2,89.94,4.74
398,bull savanna,75,LR,1571757604,66,6.2,-10.28,87.8,14.74
399,amahai,88,ID,1571757605,79,-3.31,129.0,80.31,12.3
400,kholodnyy,64,RU,1571757606,100,62.72,147.95,-0.68,1.97
401,port hedland,0,CD,1571757467,72,-7.04,29.76,78.94,10.98
402,scarborough,100,GB,1571757606,71,54.28,-0.41,54.0,11.41
403,rodopolis,0,GR,1571757607,62,41.26,23.0,78.01,2.26
404,karratha,44,AU,1571756830,70,-20.74,116.85,81.27,4.59
405,sorland,40,NO,1571757267,75,67.67,12.69,46.4,27.51
406,namatanai,96,PG,1571757084,71,-3.66,152.44,83.3,15.46
407,fort nelson,100,IN,1571757609,88,17.96,79.61,74.82,3.4
408,varkaus,75,FI,1571757610,93,62.32,27.87,48.2,9.17
409,acari,0,BR,1571757611,20,-6.44,-36.64,94.73,10.42
410,buala,100,SB,1571757387,80,-8.15,159.59,79.93,11.14
411,nova olinda do norte,99,BR,1571757612,48,-5.53,-46.7,95.29,1.61
412,dunedin,64,NZ,1571757095,78,-45.87,170.5,42.01,18.99
413,venado tuerto,100,MX,1571757614,73,22.93,-101.09,62.22,3.42
414,vilhena,100,BR,1571757615,73,-12.74,-60.15,77.0,10.29
415,valparaiso,90,US,1571757352,76,41.47,-87.06,51.01,21.92
416,monrovia,75,LR,1571757617,66,6.33,-10.8,87.8,12.73
417,maposeni,28,TZ,1571757619,28,-10.58,35.4,87.19,7.83
418,muros,40,ES,1571757042,62,42.77,-9.06,64.99,9.17
419,cacu,86,BR,1571757620,52,-18.56,-51.13,83.26,6.13
420,saint-leu,56,RE,1571757345,88,-21.15,55.28,75.2,8.05
421,olinda,0,AU,1571757537,81,-37.84,145.39,53.01,5.82
422,lujan,0,AR,1571757622,36,-46.57,-67.67,55.83,8.88
423,bolobo,86,CD,1571757624,74,-2.17,16.23,80.65,9.08
424,medveditskiy,97,RU,1571757625,86,50.79,44.71,53.38,4.81
425,banda aceh,98,IN,1571757625,49,28.24,80.11,72.54,0.54
426,susehri,56,TR,1571757626,83,40.16,38.09,46.83,7.83
427,urucara,19,BR,1571757626,42,-2.54,-57.76,95.04,4.09
428,haapiti,0,PF,1571757627,74,-17.57,-149.87,80.01,4.0
429,iralaya,40,HN,1571757628,79,15.0,-83.23,84.2,5.82
430,dingle,74,PH,1571757342,86,11.0,122.67,74.97,5.14
431,banjar,52,ID,1571757629,90,-7.37,108.54,72.68,1.34
432,isangel,100,VU,1571757165,85,-19.55,169.27,71.8,12.24
433,kavaratti,100,IN,1571757150,80,10.57,72.64,81.73,12.15
434,northam,75,AU,1571757108,77,-31.65,116.67,64.4,8.05
435,bad neustadt,99,YE,1571757631,51,14.54,44.22,70.77,6.22
436,moose factory,90,US,1571757632,93,43.66,-110.72,37.4,6.93
437,kamenka,17,MD,1571757568,89,48.03,28.7,57.0,1.01
438,smithers,40,CA,1571757388,56,54.78,-127.17,44.6,10.29
439,prince rupert,90,CA,1571757633,92,52.97,-108.38,35.01,18.34
440,bathsheba,20,BB,1571757300,55,13.22,-59.52,86.0,13.87
441,ossora,0,RU,1571757635,70,59.24,163.07,26.15,8.75
442,gobabis,67,NA,1571757424,6,-22.45,18.97,96.8,4.7
443,kwinana,49,AU,1571757636,88,-32.25,115.77,64.99,6.93
444,vanimo,100,PG,1571757312,75,-2.67,141.3,82.42,8.99
445,cowra,0,AU,1571757637,37,-33.84,148.69,59.0,1.01
446,morgan city,90,US,1571757638,88,41.04,-111.68,50.0,7.74
447,alghero,46,IT,1571757638,33,40.56,8.32,87.8,13.87
448,tortoli,40,IT,1571757639,73,39.93,9.66,77.0,5.82
449,jiwani,0,PK,1571757640,75,25.05,61.74,82.8,13.73
450,caborca,0,MX,1571757641,23,30.58,-111.1,71.44,4.23
451,hlukhiv,83,UA,1571757641,80,51.68,33.91,55.53,1.99
452,flin flon,64,FR,1571757642,87,48.5,6.66,60.8,4.7
453,qaqortoq,40,GL,1571757642,55,60.72,-46.03,37.4,14.72
454,mushie,85,CD,1571757572,82,-3.02,16.92,81.03,6.31
455,viseu,20,PT,1571757643,59,40.66,-7.91,68.0,12.75
456,burgos,75,ES,1571757645,87,42.34,-3.7,48.0,17.22
457,leningradskaya,64,RU,1571757646,41,46.32,39.39,62.24,5.23
458,morant bay,20,JM,1571757646,66,17.9,-76.43,86.0,3.36
459,aykhal,66,RU,1571757264,92,65.95,111.51,6.8,4.47
460,portland,75,US,1571757358,71,43.66,-70.25,55.99,5.82
461,pimentel,100,BR,1571757649,56,-3.7,-45.5,90.19,3.85
462,mendoza,0,AR,1571757649,25,-32.89,-68.84,66.2,9.17
463,paamiut,0,GL,1571757408,65,61.99,-49.67,37.53,5.68
464,bontang,0,ID,1571757650,76,0.12,117.47,81.14,5.99
465,kirksville,1,US,1571757544,75,40.19,-92.58,46.0,18.34
466,noyabrsk,100,RU,1571757652,95,63.2,75.45,27.97,29.21
467,itanhaem,75,BR,1571757653,64,-24.18,-46.79,75.2,6.93
468,port augusta,0,CD,1571757379,72,-7.04,29.76,78.94,10.98
469,marathon,75,CA,1571757594,93,48.72,-86.38,46.4,8.05
470,dubai,40,AE,1571757654,74,25.27,55.3,87.8,11.41
471,gerardmer,90,FR,1571757655,87,48.07,6.88,59.0,4.7
472,virginia beach,75,US,1571757656,66,39.95,-90.21,52.0,14.99
473,constitucion,5,MX,1571757267,59,23.99,-104.67,66.0,3.56
474,dawei,0,MM,1571757657,72,14.07,98.19,84.43,5.28
475,tynda,96,RU,1571757658,85,55.15,124.74,24.24,2.77
476,genhe,35,CN,1571757156,81,50.78,121.52,20.66,1.07
477,floriano,100,BR,1571757659,51,-6.77,-43.02,89.71,5.08
478,golden,20,US,1571757380,31,39.76,-105.22,50.0,18.34
479,kununurra,43,AU,1571757090,43,-15.77,128.74,73.4,2.64
480,tautira,0,PF,1571757302,74,-17.73,-149.15,80.01,4.0
481,san jose,39,ML,1571757659,30,13.3,-4.9,97.48,15.75
482,san luis,39,ML,1571757446,30,13.3,-4.9,97.48,15.75
483,yafran,0,LY,1571757662,26,32.06,12.53,81.95,15.12
484,corsicana,1,US,1571757364,51,32.09,-96.46,63.0,4.7
485,micheweni,67,TZ,1571757557,81,-4.97,39.83,81.75,12.08
486,windhoek,0,NA,1571757665,7,-22.57,17.08,86.0,12.75
487,kwakoa,67,TZ,1571757195,43,-3.77,37.72,86.61,10.76
488,hualmay,12,PE,1571757261,57,-11.1,-77.61,68.29,8.19
489,fastiv,78,UA,1571757666,93,50.08,29.92,59.0,6.71
490,shetpe,0,KZ,1571757277,41,44.14,52.16,57.6,9.37
491,san andres,39,ML,1571757651,30,13.3,-4.9,97.48,15.75
492,cayenne,20,GF,1571757159,55,4.94,-52.33,89.6,5.82
493,roma,100,IT,1571757639,44,41.89,12.48,84.2,5.82
494,thyboron,68,DK,1571757669,83,56.7,8.21,53.01,4.0
495,ferkessedougou,99,CI,1571757670,64,9.6,-5.2,85.21,5.3
496,kasangulu,75,CD,1571757671,62,-4.59,15.17,84.2,4.7
497,morros,75,BR,1571757672,58,-2.87,-44.04,87.8,16.11
498,teya,40,MX,1571757396,74,21.05,-89.07,87.01,9.17
499,pahrump,1,US,1571757673,21,36.21,-115.98,59.0,9.17
500,nilanga,100,IN,1571757674,92,18.12,76.75,71.64,6.91
501,upington,0,ZA,1571757490,11,-28.46,21.24,89.6,8.05
502,williamsport,90,US,1571757676,87,41.25,-77.0,60.01,16.11
503,swan river,90,US,1571757676,81,41.47,-93.31,45.0,18.34
504,gat,0,SN,1571757268,48,14.69,-16.54,87.8,19.46
505,marienburg,75,DE,1571757677,76,52.12,9.98,57.99,6.93
506,north bend,100,NG,1571757678,82,4.97,7.66,81.39,7.56
507,berlevag,75,NO,1571757182,80,70.86,29.09,32.0,14.99
508,verkh-usugli,100,RU,1571757679,80,52.7,115.17,20.53,2.8
509,kisangani,63,CD,1571757680,72,0.52,25.21,80.73,2.44
510,bara,100,NG,1571757681,38,10.41,10.6,92.32,7.23
511,saint-felix-de-valois,75,CA,1571757682,76,46.17,-73.43,55.99,18.34
512,belmonte,2,PT,1571757682,61,40.36,-7.35,59.0,9.51
513,taunggyi,0,MM,1571757683,95,20.78,97.03,65.41,3.11
514,yumen,100,CN,1571757204,29,40.29,97.04,41.32,10.4
515,beyneu,0,KZ,1571757685,46,45.32,55.19,53.74,3.2
516,puerto escondido,29,AR,1571757685,33,-51.62,-69.23,57.2,8.05
517,ahipara,95,NZ,1571757161,100,-35.17,173.16,54.0,32.64
518,rundu,65,NA,1571757687,8,-17.91,19.77,100.4,3.36
519,rockhampton,40,AU,1571757687,68,-23.38,150.51,68.0,5.82
520,parana,75,BR,1571757688,74,-7.52,-72.89,87.8,5.82
521,ngunguru,10,NZ,1571757688,84,-35.62,174.5,53.01,8.01
522,college,75,US,1571757202,74,64.86,-147.8,28.4,1.12
523,imaculada,13,BR,1571757689,20,-7.39,-37.51,97.97,4.59
524,bandarbeyla,79,SO,1571757287,81,9.49,50.81,81.16,15.52
525,stavern,20,NO,1571757690,76,59.0,10.03,51.01,19.46
526,amethi,75,IN,1571757692,78,26.76,81.16,75.2,3.2
527,kaman,0,TR,1571757692,53,39.36,33.73,61.38,12.33
528,kwekwe,78,ZW,1571757693,25,-18.93,29.81,89.49,13.24
529,sozimskiy,99,RU,1571757693,87,59.74,52.25,27.93,6.29
530,panaba,5,MX,1571757671,66,21.28,-88.27,86.29,5.99
531,kieta,100,PG,1571757310,75,-6.22,155.63,80.87,5.32
532,turukhansk,100,RU,1571757108,81,65.8,87.96,19.63,12.37
533,vrangel,5,RU,1571757697,68,42.73,133.08,53.85,6.44
534,evensk,0,RU,1571757511,60,61.92,159.24,11.8,9.82
535,tuatapere,82,NZ,1571757163,85,-46.13,167.69,42.01,7.0
536,promyshlennovskiy,97,RU,1571757699,68,55.48,86.2,24.8,11.18
537,lima,90,PE,1571757143,82,-12.06,-77.04,62.6,6.93
538,fortuna,90,US,1571757155,100,40.6,-124.16,50.0,4.7
539,igede,100,NG,1571757701,51,10.05,5.94,91.47,4.14
540,kysyl-syr,73,RU,1571757702,89,63.9,122.77,18.48,4.59
541,khandyga,0,RU,1571757289,88,62.65,135.58,8.78,0.63
542,jishou,100,CN,1571757703,94,28.26,109.7,55.54,3.0
543,isiro,91,CD,1571757703,74,2.77,27.62,78.57,2.68
544,luwingu,79,ZM,1571757704,26,-10.26,29.92,88.21,6.71
545,melfi,75,IT,1571757705,53,41.0,15.66,77.0,8.05
546,svobodnyy,16,RU,1571757705,69,53.85,40.53,46.0,3.51
547,lubango,74,AO,1571757706,20,-14.92,13.49,81.37,13.71
548,talnakh,100,RU,1571757707,72,69.49,88.39,17.6,20.13
549,shumskiy,100,RU,1571757708,65,54.83,99.13,23.9,3.04
550,sharjah,40,AE,1571757311,74,25.36,55.39,87.8,11.41
